,Precision,Recall,Accuracy,Dice,IoU
0,0.02513182222830925,0.02422602151957225,0.007314253826530612,0.024670610379134175,0.012489365322443423
1,0.06026283307921295,0.036910214790767996,0.016541772959183673,0.045780474351902925,0.02342647473892182
2,0.06951903928549877,0.07168191151764047,0.02295918367346939,0.070583910299614,0.03658304223563036
3,0.22260930151541544,0.061572557332819425,0.0254703443877551,0.09646375061327697,0.05067607756056941
4,0.0,0.0,0.0,0.0,0.0
5,0.6423637042569081,0.41526855763427883,0.13713727678571427,0.5044351587127044,0.3372873878731435
6,0.0010095911155981827,8.517162081594413e-05,3.985969387755102e-05,0.00015709068059537368,7.855151015278269e-05
7,0.2015022389137657,0.055254089594803345,0.027802136479591837,0.08672676406589991,0.04532900081234768
8,0.12779417967102488,0.016273698909715882,0.00603874362244898,0.028870890900428776,0.014646879682892638
9,0.3542416452442159,0.2696555922769177,0.12358498086734694,0.30621466136638603,0.1807871720116618
10,0.0,0.0,0.0,0.0,0.0
11,0.3004499139870319,0.20517802277245617,0.0905014349489796,0.2438382645116254,0.13884727105947103
12,0.012284248172912455,0.006771815532316133,0.0031489158163265306,0.00873072885008565,0.004384504384504385
13,0.0,0.0,0.0,0.0,0.0
14,0.0,0.0,0.0,0.0,0.0
15,0.002764552296114268,0.0007074359377456375,0.0003587372448979592,0.0011265842591143796,0.0005636096064126248
16,0.11734764066584125,0.05740242261103634,0.01700015943877551,0.07709340684170093,0.040092122579432225
17,0.48120973514674303,0.08731369938630386,0.053591358418367346,0.14780816270441116,0.07980175688509022
18,0.9097902097902097,0.04602702893936178,0.025928730867346938,0.08762122844827586,0.045817925691142805
19,0.9963828183873399,0.2639121756487026,0.1317562181122449,0.41729525011835256,0.2636595676796682
20,0.0,0.0,0.0,0.0,0.0
21,0.12553041018387553,0.08505846271803719,0.03537547831632653,0.10140539305301645,0.053410766406884726
22,0.21367997523986382,0.1476917811149617,0.06879783163265306,0.17466099979761182,0.09568688324647966
23,0.0,0.0,0.0,0.0,0.0
24,0.41056507576830475,0.09871624612660469,0.0577766262755102,0.159163280992643,0.08646246532852157
25,0.0,0.0,0.0,0.0,0.0
26,0.2359971877197094,0.11277858662784186,0.040138711734693876,0.15262200666868747,0.08261547296742965
27,0.0,0.0,0.0,0.0,0.0
28,0.0,0.0,0.0,0.0,0.0
29,0.3278048780487805,0.015614108462289139,0.006696428571428571,0.029808374733853796,0.015129682997118156
30,0.2667194301543332,0.020362537764350454,0.013432716836734694,0.03783647233839504,0.01928303722141161
31,0.0010708548991611637,0.00023263929277654997,0.00011957908163265306,0.00038223864432694143,0.00019115585574104753
32,0.11105714748259674,0.034637717748043424,0.013671875,0.05280578862289277,0.027118912080961417
33,0.201109975171608,0.14886486486486486,0.05488679846938776,0.17108778033173883,0.09354619565217391
34,0.1583046357615894,0.12355276215679788,0.05955038265306122,0.13878631644952275,0.07456764243467845
35,0.08575727181544635,0.050358299793854915,0.020448022959183673,0.06345475910693302,0.032766990291262135
36,0.001246623727404945,0.0003087690407575134,0.00011957908163265306,0.0004949474118374923,0.00024753496431370933
37,0.04042631385520029,0.027941238728250287,0.013153698979591837,0.03304378301249155,0.016799450199811643
38,0.0,0.0,0.0,0.0,0.0
39,0.25192460003168066,0.45811729461919576,0.15848214285714285,0.32508227214193736,0.19408850162309926
40,0.011461318051575931,0.0003456619426201175,0.00015943877551020407,0.0006710846405502894,0.0003356549467147772
41,0.07372661552894431,0.0923608710680954,0.02662627551020408,0.08199840422267231,0.042752
42,0.4224788858437273,0.7071241340572927,0.3010801977040816,0.5289380623927734,0.35956206116863026
43,0.0,0.0,0.0,0.0,0.0
44,0.06352857901256415,0.016514099084594506,0.0071548150510204085,0.026213946695874405,0.01328104768599016
45,0.05408402119009486,0.02189416986683956,0.00874920280612245,0.031170122124396477,0.015831800641927223
46,0.13490176448504568,0.06001224739742805,0.021484375,0.0830700470062418,0.04333494130889211
47,0.0,0.0,0.0,0.0,0.0
48,0.2710212039970753,0.0473010336466885,0.022161989795918366,0.08054469071418224,0.041962264150943396
49,0.010679611650485437,0.0005517933283170303,0.0002192283163265306,0.0010493679942761747,0.0005249594349527537
50,0.007196710075394105,0.0009005531969638492,0.0004185267857142857,0.0016007927735640507,0.00080103753433018
51,0.010790574763268003,0.002249563860067946,0.0009765625,0.0037229799035064393,0.0018649615589556214
52,0.03235515425131678,0.0015890613451589061,0.0008569834183673469,0.003029342350910564,0.0015169688844986946
53,0.19163648337174843,0.024764903621122505,0.011599170918367346,0.04386163237621524,0.022422561257512713
54,0.0009825595676737902,0.0005633406098162102,0.00015943877551020407,0.0007161079532739561,0.0003581822252070741
55,0.0,0.0,0.0,0.0,0.0
56,0.0002670940170940171,9.761335350675973e-05,3.985969387755102e-05,0.00014297458626729098,7.149240393208221e-05
57,0.0,0.0,0.0,0.0,0.0
58,0.0,0.0,0.0,0.0,0.0
59,0.018876903553299493,0.008771283260853541,0.004743303571428571,0.011977253283679734,0.006024706358849737
60,0.0,0.0,0.0,0.0,0.0
61,0.13653013653013654,0.09871985232152174,0.04902742346938776,0.11458648717889,0.06077525508313363
62,0.016555891238670694,0.006724916552130375,0.002730389030612245,0.009564701364889867,0.004805331462644686
63,0.0,0.0,0.0,0.0,0.0
64,0.11318705192265914,0.057959728557125376,0.03115035076530612,0.07666274278987639,0.03985923035727947
65,0.0,0.0,0.0,0.0,0.0
66,0.0,0.0,0.0,0.0,0.0
67,0.7240278583865352,0.09013728323699421,0.049724968112244895,0.16031613442138407,0.08714330620655933
68,0.23878504672897197,0.10953912111468382,0.040736607142857144,0.15018368846436445,0.08118843342866222
69,0.04266688589279842,0.03453553367048177,0.01034359056122449,0.0381729920564872,0.019457878753795975
70,0.5082161948129084,0.1768088989909426,0.10231983418367346,0.2623470195968216,0.15097779738273784
71,0.0,0.0,0.0,0.0,0.0
72,0.0,0.0,0.0,0.0,0.0
73,0.9983443708609272,0.04885162231133795,0.024035395408163265,0.09314539486387334,0.04884766495200291
74,0.12445223488168274,0.01114905978879598,0.005660076530612245,0.020464781120518825,0.01033817480251902
75,0.15424055512721666,0.1786798856734548,0.07973931760204081,0.1655631879500124,0.0902528704518283
76,0.0,0.0,0.0,0.0,0.0
77,1.0,0.12941971920614087,0.06485172193877552,0.2291791386414058,0.12941971920614087
78,0.08790291998483125,0.0939755128516987,0.023098692602040817,0.09083783995610942,0.0475799499158422
79,0.0,0.0,0.0,0.0,0.0
80,0.0,0.0,0.0,0.0,0.0
81,0.0,0.0,0.0,0.0,0.0
82,0.0,0.0,0.0,0.0,0.0
83,0.0,0.0,0.0,0.0,0.0
84,0.5595533498759305,0.09026318422896028,0.03595344387755102,0.15545023696682464,0.0842754367934224
85,0.013337567481740234,0.0025738448339257263,0.0008370535714285714,0.004314994606256742,0.002162162162162162
86,0.00034837136387388956,8.568246080027418e-05,3.985969387755102e-05,0.00013753739297871608,6.87734259482136e-05
87,0.21993327331462162,0.21500310623317456,0.08276865433673469,0.21744024712688814,0.1219820243200376
88,0.0,0.0,0.0,0.0,0.0
89,0.0,0.0,0.0,0.0,0.0
90,0.8335260115606936,0.027097113650030067,0.014369419642857142,0.052487897208168016,0.026951255980861243
91,0.00038109756097560977,0.00010272213662044171,5.978954081632653e-05,0.00016182539040375434,8.09192425958893e-05
92,0.06262188515709642,0.025532290838413286,0.011519451530612245,0.036274632860549764,0.018472355385107064
93,1.0,0.1289426783271853,0.062001753826530615,0.22843086863940085,0.1289426783271853
94,0.0,0.0,0.0,0.0,0.0
95,0.010372291165030561,0.004593175853018373,0.0011160714285714285,0.006366892160764027,0.0031936127744510976
96,0.16861183578195799,0.12158415841584158,0.048947704081632654,0.14128746476442502,0.07601361807489941
97,0.034267460432699286,0.007425820458764671,0.00470344387755102,0.012206475638771077,0.006140716069941716
98,0.0,0.0,0.0,0.0,0.0
99,0.9504054897067997,0.26255924170616113,0.12145248724489796,0.41145094861926945,0.25901054063243795
100,0.0,0.0,0.0,0.0,0.0
101,0.0,0.0,0.0,0.0,0.0
102,0.2995026708417757,0.21376922739822077,0.09721779336734694,0.24947578376719684,0.14251490008180437
103,0.3077843209422157,0.19625674724243136,0.06666533801020408,0.2396818572656922,0.13615826108193918
104,0.5338506611766569,0.3196775723091513,0.1343670280612245,0.39989323526794984,0.24991659561848983
105,0.40910329790133554,0.0512846795134618,0.02991470025510204,0.09114369857606947,0.04774780506425754
106,0.0,0.0,0.0,0.0,0.0
107,0.006846081208687441,0.0019066403681788297,0.0005779655612244898,0.002982618533374473,0.0014935365916464954
108,0.5639502762430939,0.2653969904774286,0.1627471301020408,0.3609361532851555,0.2202087209772672
109,0.2934342775094635,0.10982997850302911,0.044802295918367346,0.15983504568239185,0.08685908581584946
110,0.01156871818602499,0.0019792573826300374,0.0009964923469387755,0.0033802055164954027,0.0016929640414437598
111,0.0,0.0,0.0,0.0,0.0
112,0.015773809523809523,0.005898282449827503,0.003168845663265306,0.008586008586008586,0.004311513639568307
113,0.0,0.0,0.0,0.0,0.0
114,0.042506412605349944,0.0180657218501791,0.009247448979591837,0.0253551912568306,0.012840380783706
115,0.0,0.0,0.0,0.0,0.0
116,0.06856426781238811,0.018507780032859765,0.00763313137755102,0.029147640791476408,0.014789357840676526
117,0.37405654343098377,0.1307283050923235,0.058274872448979595,0.19374503047972436,0.10726338958180484
118,0.0,0.0,0.0,0.0,0.0
119,0.0,0.0,0.0,0.0,0.0
120,0.42551261114135364,0.08426158821415738,0.04673549107142857,0.1406676464413185,0.07565492321589883
121,0.0,0.0,0.0,0.0,0.0
122,0.0,0.0,0.0,0.0,0.0
123,0.14055926750804257,0.11507293354943274,0.05660076530612245,0.12654561657569344,0.06754667618028302
124,0.5150620200826934,0.13023672615936077,0.06951530612244898,0.20790367765393097,0.11601144149537684
125,0.057246856386499005,0.0252088595298232,0.01034359056122449,0.03500370944897822,0.017813626222756136
126,0.000762970498474059,0.0001779042874933286,5.978954081632653e-05,0.0002885308968502044,0.00014428626394767218
127,0.10897541659792113,0.05778652668416448,0.026327327806122448,0.07552455548567835,0.039244229226701524
128,0.5290237467018469,0.04764545130500218,0.023975605867346938,0.0874177960251426,0.04570668693009119
129,0.35460346399270737,0.016371364841547074,0.007752710459183673,0.03129777134121812,0.01589766643508112
130,0.0,0.0,0.0,0.0,0.0
131,0.0,0.0,0.0,0.0,0.0
132,0.005170630816959669,0.002421454083176948,0.0007971938775510204,0.0032982890125747267,0.001651868676440223
133,0.0046762080204052715,0.0025030339805825245,0.0006576849489795918,0.0032607084630206016,0.0016330166270783848
134,0.0,0.0,0.0,0.0,0.0
135,0.20540267183614985,0.21160024311886777,0.09713807397959184,0.20845540277569874,0.11635512903148798
136,0.0,0.0,0.0,0.0,0.0
137,0.0010836370800906315,0.0004055897643892187,0.0002192283163265306,0.0005902554196179437,0.00029521483588738895
138,0.0,0.0,0.0,0.0,0.0
139,0.0,0.0,0.0,0.0,0.0
140,0.12647554806070826,0.0756359018414074,0.040357940051020405,0.09466155572176514,0.04968227876051915
141,0.0,0.0,0.0,0.0,0.0
142,0.3943487676601011,0.19270308405563394,0.07621173469387756,0.258894417927626,0.14869541548392115
143,0.20153122258553313,0.13441489361702127,0.05036272321428571,0.16126870672325216,0.08770651117589894
144,0.12411347517730496,0.12188751523593941,0.05580357142857143,0.12299042431696389,0.06552466535617336
145,0.062407862407862405,0.00548951804625027,0.00253109056122449,0.010091378625347636,0.005071277402867069
146,0.06714168265278159,0.024724997477041075,0.0146484375,0.03614102374981561,0.018403064673627283
147,0.0,0.0,0.0,0.0,0.0
148,0.2530014124293785,0.1689758858557868,0.057118941326530615,0.20262292763971862,0.11273256500019667
149,0.001219016659894352,0.00010946108658371948,5.978954081632653e-05,0.0002008838891120932,0.00010045203415369161
150,0.0,0.0,0.0,0.0,0.0
151,0.22805387830933582,0.02407925064979648,0.009785554846938776,0.043559261887863736,0.02226454450641636
152,0.0,0.0,0.0,0.0,0.0
153,0.012797881729920565,0.003532994923857868,0.0017338966836734694,0.005537345256659135,0.0027763594587694664
154,0.0,0.0,0.0,0.0,0.0
155,0.0,0.0,0.0,0.0,0.0
156,0.05205811138014528,0.028965981812057933,0.01371173469387755,0.037221380653538194,0.01896361631753032
157,0.04579103214890017,0.02846437023402577,0.008629623724489796,0.03510621047510945,0.017866721683515576
158,0.03101018010963195,0.008246220482278955,0.003946109693877551,0.013028030003947888,0.0065567256109676135
159,0.010337698139214336,0.005937850498119681,0.001793686224489796,0.007543058291078238,0.0037858074285954655
160,0.3347514856834144,0.3508759511590869,0.19758450255102042,0.3426241122496587,0.20672685947828262
161,0.03064635958395245,0.006866988513401032,0.003288424744897959,0.011219910240718074,0.005641604267104318
162,0.014827487881380098,0.005380516322624036,0.002072704081632653,0.00789583570588012,0.003963565684667861
163,0.0,0.0,0.0,0.0,0.0
164,0.0,0.0,0.0,0.0,0.0
165,0.11328125,0.02464414701508392,0.011559311224489796,0.040481591345314955,0.020658949243098843
166,0.14447892423066977,0.45290207522697795,0.11134805484693877,0.21907226600792062,0.12301019397168586
167,0.17877584394346455,0.14831144919812006,0.06100526147959184,0.16212494372500727,0.08821325648414985
168,0.06738266882448139,0.041237113402061855,0.018255739795918366,0.051163180383723854,0.026253188501332722
169,0.0016117890858853327,0.0002191746508860918,0.00013950892857142856,0.00038587690526721975,0.00019297568506368199
170,0.5162493863524792,0.23237724842002916,0.10479113520408163,0.3204925027428989,0.19082528852435218
171,0.013381201044386422,0.007228066051595463,0.0024513711734693877,0.009386088748139952,0.004715172889672621
172,0.0035778175313059034,0.0010600439161050957,0.00027901785714285713,0.0016355140186915889,0.0008184262831754939
173,0.0,0.0,0.0,0.0,0.0
174,0.0003422899195618689,8.248102936324645e-05,3.985969387755102e-05,0.00013293011199361936,6.646947389411413e-05
175,0.0,0.0,0.0,0.0,0.0
176,0.0,0.0,0.0,0.0,0.0
177,0.018926359256710254,0.002943695140226932,0.001096141581632653,0.005094951366373321,0.0025539818899465985
178,0.0970873786407767,0.014626725953662533,0.0049824617346938774,0.025423297910204912,0.012875315445228408
179,0.0,0.0,0.0,0.0,0.0
180,0.017196904557179708,0.0027156694125101835,0.0011957908163265306,0.004690614861431419,0.0023508208282725387
181,0.023911825144778628,0.005319369987117151,0.002551020408163265,0.008702746804460157,0.004370390603660202
182,0.30632519139628145,0.28114935798234975,0.13396843112244897,0.2931978278411445,0.17178196314942118
183,0.0,0.0,0.0,0.0,0.0
184,0.5354172256506574,0.15983179815778933,0.07954001913265306,0.24617567234147544,0.14036506875813315
185,0.3625486922648859,0.1746336669049321,0.07790577168367346,0.23572333112223362,0.13360905082544347
186,0.5665768194070081,0.14205902230232034,0.06283880739795919,0.22716138328530258,0.12813427073596945
187,0.14071209191218292,0.14765447817610314,0.07395966198979592,0.1440997165378791,0.0776441050319071
188,0.0,0.0,0.0,0.0,0.0
189,0.0,0.0,0.0,0.0,0.0
190,0.0,0.0,0.0,0.0,0.0
191,0.6443070389107488,0.3702533917163161,0.20559630102040816,0.47026645089234836,0.30741723038412255
192,0.037429718875502005,0.032807659814136865,0.013930963010204082,0.03496660913934119,0.01779440965327631
193,0.46037936536075164,0.08038505587024485,0.0517578125,0.13687150837988826,0.0734632683658171
194,0.03166735508742944,0.01395377055147728,0.004583864795918368,0.019371683651983492,0.009780574927708794
195,0.15326609482514847,0.0627532708116244,0.03240593112244898,0.08904709748083242,0.04659826904338855
196,0.07777213905100229,0.06117764471057884,0.024433992346938774,0.06848396827170149,0.03545607033373822
197,0.0,0.0,0.0,0.0,0.0
198,0.0,0.0,0.0,0.0,0.0
199,0.2896881644223955,0.2088922958988118,0.09775589923469388,0.24274367159082474,0.1381378844204123
200,0.0,0.0,0.0,0.0,0.0
201,0.23018589709832007,0.4481008765185299,0.1742267219387755,0.3041383269260876,0.17934147092009436
202,0.1557462118591296,0.11488797019343643,0.04486208545918367,0.13223286142278096,0.07079729517219689
203,0.11575597981127934,0.04885390136605696,0.021025988520408163,0.06870949884398711,0.035576987927429686
204,0.0,0.0,0.0,0.0,0.0
205,0.30957683741648107,0.017991780733262144,0.011080994897959183,0.034007156182146246,0.017297700899107114
206,0.03168426903835464,0.0025693035835023664,0.001136001275510204,0.004753168779186124,0.002382245998244661
207,0.6552814118886645,0.28605925869140253,0.14873644770408162,0.39826031271679385,0.2486423454939197
208,0.0,0.0,0.0,0.0,0.0
209,0.0,0.0,0.0,0.0,0.0
210,0.0,0.0,0.0,0.0,0.0
211,0.1217606943583385,0.042604885244479154,0.019571109693877552,0.06312271003406826,0.032589937607858756
212,0.0,0.0,0.0,0.0,0.0
213,0.19022996326030753,0.12798095848400237,0.05572385204081633,0.1530168285675195,0.08284689916738273
214,0.0,0.0,0.0,0.0,0.0
215,0.17890399670374948,0.15349264705882354,0.08653539540816327,0.16522698732828495,0.0900530944084951
216,0.0,0.0,0.0,0.0,0.0
217,0.09887585131697711,0.052498584063085434,0.02401546556122449,0.06858281161070005,0.03550906144099013
218,0.0909365787285509,0.06057706833173876,0.023975605867346938,0.0727151837524178,0.03772933981496001
219,0.0,0.0,0.0,0.0,0.0
220,0.0011541732474790426,0.0009655943487320222,0.0003786670918367347,0.0010514956141564516,0.0005260243632336655
221,0.22137186408383613,0.39083875308365107,0.13893096301020408,0.28265012366703157,0.1645850548931649
222,0.0,0.0,0.0,0.0,0.0
223,0.07327727421644643,0.02358606629407009,0.013372927295918368,0.03568579481997554,0.018167050223365372
224,0.0,0.0,0.0,0.0,0.0
225,0.0,0.0,0.0,0.0,0.0
226,0.0,0.0,0.0,0.0,0.0
227,0.0,0.0,0.0,0.0,0.0
228,0.0,0.0,0.0,0.0,0.0
229,0.18955851436580237,0.05616305626686968,0.032346141581632654,0.08665242925787507,0.04528838909506934
230,0.001600284495021337,0.0005924560595089197,0.0001793686224489796,0.0008647609896709104,0.00043256752859751994
231,0.5309834218573958,0.15941818884700878,0.0657485650510204,0.24521499981417474,0.13974076584208742
232,0.3431464466529158,0.13829063704375424,0.07294323979591837,0.19713454702143704,0.10934512428298279
233,0.0,0.0,0.0,0.0,0.0
234,0.0,0.0,0.0,0.0,0.0
235,0.13143968031104872,0.0382139604986341,0.024254623724489797,0.05921276699265314,0.030509664318483794
236,0.0,0.0,0.0,0.0,0.0
237,0.1993693564569299,0.058783755229683474,0.027722417091836735,0.09079634464751958,0.04755718144210058
238,0.002521538138264341,0.00039826092728419236,0.00023915816326530612,0.0006878761822871883,0.0003440564252537416
239,0.6332669606030437,0.36803603901471316,0.17747528698979592,0.4655235506299336,0.3033761455387865
240,0.14849503682356707,0.07275365729301486,0.03696986607142857,0.09765984890363,0.05133669120495932
241,0.08261649854570209,0.053206328962576224,0.026606345663265307,0.06472727272727273,0.03344607290492296
242,0.0016400164001640015,0.0005978775347516317,0.00023915816326530612,0.0008762961881115817,0.00043834015195791935
243,0.03899721448467967,0.01611842105263158,0.00390625,0.022809263353892703,0.01153619776339023
244,0.2972423281689298,0.20948566610455313,0.09903140943877552,0.2457650171872295,0.14009811661215743
245,0.03939056112969157,0.037497789045457225,0.012675382653061224,0.038420877759990334,0.019586708139570693
246,0.0,0.0,0.0,0.0,0.0
247,0.0,0.0,0.0,0.0,0.0
248,0.045665171898355755,0.030111872258636836,0.012177136479591837,0.036292358409313656,0.018481548699334542
249,0.12871287128712872,0.029905277401894453,0.008808992346938776,0.04853409465246514,0.02487058293945532
250,0.0,0.0,0.0,0.0,0.0
251,0.26799206649036644,0.22153257602373425,0.11310188137755102,0.2425576475113799,0.13801741329831219
252,0.0,0.0,0.0,0.0,0.0
253,0.0,0.0,0.0,0.0,0.0
254,0.0,0.0,0.0,0.0,0.0
255,0.061845746600890386,0.03744990892531876,0.010243941326530613,0.04665093483390815,0.023882538797509525
256,0.016737206617929972,0.006299554686651461,0.0034677933673469387,0.009153799615961281,0.004597944137621225
257,0.0,0.0,0.0,0.0,0.0
258,0.0,0.0,0.0,0.0,0.0
259,0.0,0.0,0.0,0.0,0.0
260,0.6112125740218053,0.5029372922264219,0.22010522959183673,0.5518137303887279,0.38103781396632624
261,0.02248579194465036,0.007625272331154684,0.003627232142857143,0.011388523872098117,0.005726872246696035
262,0.10148947098099641,0.057152773760629376,0.019690688775510203,0.07312560136185331,0.037950372589690404
263,0.11007311129163282,0.08025824794171652,0.027004942602040817,0.09283047305860995,0.04867447374092967
264,0.04091456077015644,0.004478201694692014,0.002032844387755102,0.008072813612979818,0.00405276541640178
265,0.0,0.0,0.0,0.0,0.0
266,0.004416094210009814,0.002043519394512772,0.0010762117346938774,0.00279409101492769,0.001398999974092593
267,0.36929354756439686,0.1164923572003218,0.028858418367346938,0.1771145495688337,0.09716164530631416
268,0.0,0.0,0.0,0.0,0.0
269,0.19413740030782145,0.13962264150943396,0.05530532525510204,0.16242793175100237,0.08839268650060521
270,0.11097634930260764,0.023206661875977513,0.010941485969387755,0.0383862396867571,0.019568704330778827
271,0.7659384752563531,0.2758067105474394,0.1369579081632653,0.40557129367327666,0.2543677820550785
272,0.05977054034048853,0.01196163389253046,0.00643734056122449,0.019933964884129973,0.010067323276399451
273,0.003661378009541773,0.001463933989885547,0.0006576849489795918,0.0020915861194739345,0.0010468878878243766
274,0.051449329082956484,0.037013333333333336,0.013831313775510204,0.04305344458575018,0.022000317007449675
275,0.0,0.0,0.0,0.0,0.0
276,0.7381179614430234,0.4758798917056362,0.2312061543367347,0.578675645342312,0.4071383449147189
277,0.20193585120516228,0.1052076466710613,0.06361607142857142,0.1383405205105424,0.07431032475846816
278,0.051986183074265974,0.017571511967308814,0.005998883928571429,0.0262652705061082,0.013307396436624076
279,0.4412628487518355,0.09060301507537688,0.03593351403061224,0.15033769698991079,0.08127845647567958
280,0.6764310411064157,0.3416444336648072,0.14036591198979592,0.4539916846617462,0.2936541027351568
281,0.04392156862745098,0.019299253302699597,0.010044642857142858,0.026815642458100558,0.013590033975084938
282,0.0,0.0,0.0,0.0,0.0
283,0.0,0.0,0.0,0.0,0.0
284,0.15096725249715515,0.09534075937237993,0.04759247448979592,0.11687262938945307,0.062063050653637236
285,0.0,0.0,0.0,0.0,0.0
286,0.0,0.0,0.0,0.0,0.0
287,0.2091381377381111,0.04797848608012713,0.03128985969387755,0.07805120556798409,0.040610450077599586
288,0.5310262529832935,0.06079442603914068,0.035475127551020405,0.10909870981581932,0.05769667109656089
289,0.0013070268251696023,0.0010371394705649942,0.0004185267857142857,0.0011565468814539446,0.0005786080343858489
290,0.0,0.0,0.0,0.0,0.0
291,0.2290060429256095,0.1658054539282616,0.08761160714285714,0.1923472401496423,0.10640718417931402
292,0.04265402843601896,0.005170432784373803,0.002152423469387755,0.009222886421861656,0.0046328071379547016
293,0.0,0.0,0.0,0.0,0.0
294,0.021753756447634,0.004346657107008424,0.0019331951530612245,0.007245564892623716,0.003635954719244321
295,0.02403204272363151,0.0012178207773755963,0.0007174744897959184,0.0023181686467690526,0.0011604293588627793
296,0.0,0.0,0.0,0.0,0.0
297,0.0017914725904693658,0.0001970288056113804,9.964923469387755e-05,0.00035501278046009654,0.00017753790434257713
298,0.000429553264604811,3.586414661263135e-05,1.992984693877551e-05,6.620105259673629e-05,3.3101621979477e-05
299,0.8415664608384791,0.2318989835669189,0.10321667729591837,0.3636044511531576,0.22219838681997597
300,0.406280193236715,0.03343404627494633,0.016761001275510203,0.06178372024684102,0.03187658719630065
301,0.9064261555806088,0.07400248515808366,0.03204719387755102,0.1368335957111858,0.0734414249828728
302,0.0537144128113879,0.035862785862785865,0.009626116071428572,0.04300979519145147,0.021977521954770898
303,0.5210494203782794,0.2816489988221437,0.119140625,0.3656492751850266,0.22372754491017965
304,0.0,0.0,0.0,0.0,0.0
305,0.0015945784333266893,0.0003420265070542967,0.00015943877551020407,0.0005632414545710564,0.0002817000598612627
306,0.0,0.0,0.0,0.0,0.0
307,0.4347708712964838,0.3971150289729996,0.12838807397959184,0.41509069235477947,0.2619018579501565
308,0.005238649592549476,0.0007693184408479599,0.0005381058673469387,0.0013416149068322981,0.0006712577381100365
309,0.0713678844519966,0.01632018651641733,0.008370535714285714,0.026565464895635674,0.013461538461538462
310,0.0017672470218615002,0.0012212221267357184,0.0005381058673469387,0.0014443523149757938,0.0007226980728051392
311,0.4023820644558617,0.06349732817394509,0.0343391262755102,0.10968583887704109,0.05802519027412945
312,0.1536305509328195,0.21453033268101762,0.06991390306122448,0.17904353595671924,0.0983238970794327
313,0.0,0.0,0.0,0.0,0.0
314,0.0,0.0,0.0,0.0,0.0
315,0.0,0.0,0.0,0.0,0.0
316,0.0,0.0,0.0,0.0,0.0
317,0.08910167666512844,0.10062975027144408,0.046177455357142856,0.0945154908319566,0.04960181537934578
318,0.9414519906323185,0.09261605805782744,0.03204719387755102,0.1686418458311484,0.09208567174435918
319,0.010603382984094925,0.008633093525179856,0.0033482142857142855,0.009517335146159076,0.0047814207650273225
320,0.0,0.0,0.0,0.0,0.0
321,0.14386926128849423,0.08651934329375674,0.0303531568877551,0.10805633403100501,0.0571139278481962
322,0.15331839820778492,0.06571445718057972,0.021823182397959183,0.09199747952110901,0.04821664464993395
323,0.12903444534852182,0.1770891494509585,0.0758529974489796,0.1492900290264376,0.08066635581365775
324,0.024193548387096774,0.003060010200034,0.0010762117346938774,0.005432868856582323,0.0027238335435056747
325,0.0,0.0,0.0,0.0,0.0
326,0.026954177897574125,0.0005617977528089888,0.0001992984693877551,0.0011006548896593472,0.0005506304718903145
327,0.0,0.0,0.0,0.0,0.0
328,0.1658867924528302,0.04445972733524819,0.021902901785714284,0.07012506380806534,0.03633658455943131
329,0.21409869083585095,0.07089975321816848,0.04237085459183673,0.10652369976951598,0.05625826938343477
330,0.30211563012949116,0.1400194412746714,0.06602758290816327,0.19135356802495163,0.1057993229865236
331,0.10684286006965786,0.08782048583336842,0.04157366071428571,0.09640224599671882,0.05064213056250152
332,0.005604947816003092,0.0008065861934694332,0.0005779655612244898,0.001410231472476172,0.0007056132752621718
333,0.1183169564121945,0.1293735192021599,0.046795280612244895,0.12359846291519713,0.06586994333165011
334,0.0,0.0,0.0,0.0,0.0
335,0.03573171392940411,0.03671309192200557,0.01313376913265306,0.0362157557772099,0.018441820115296357
336,0.006231027320658252,0.001672599391002273,0.0007772640306122449,0.0026372734649715984,0.0013203778311947727
337,0.0464011691633175,0.004660892542571932,0.00253109056122449,0.00847090211772553,0.004253466407662938
338,0.21122112211221122,0.08768690057782808,0.029336734693877552,0.12392658696750294,0.0660563633099982
339,0.0,0.0,0.0,0.0,0.0
340,0.004602991944764097,0.0004470022908867408,0.00015943877551020407,0.0008148714031066972,0.0004076017730677128
341,0.17407600208224883,0.27959866220735785,0.09996811224489796,0.21456528713506576,0.1201753755480486
342,0.0,0.0,0.0,0.0,0.0
343,0.0,0.0,0.0,0.0,0.0
344,0.0,0.0,0.0,0.0,0.0
345,0.0,0.0,0.0,0.0,0.0
346,0.08320668693009119,0.052352266207687896,0.021823182397959183,0.06426810658527997,0.03320093387101664
347,0.2984198645598194,0.03350737567800476,0.013173628826530613,0.060249749339166894,0.031060570461914384
348,0.0,0.0,0.0,0.0,0.0
349,0.015262751159196291,0.010652642934196332,0.0031489158163265306,0.012547649301143583,0.006313434028610245
350,0.08836851551149474,0.03163917872770111,0.02060746173469388,0.04659546663061601,0.023853464981083327
351,0.0,0.0,0.0,0.0,0.0
352,0.0,0.0,0.0,0.0,0.0
353,0.15790906615845357,0.05062628202330555,0.02311862244897959,0.07667140354935721,0.039863912849238806
354,0.2151394422310757,0.022353049397479532,0.009685905612244899,0.04049831257030957,0.020667658941101424
355,0.34332547434602,0.16285014378528065,0.06094547193877551,0.22091385226657034,0.12417265602793681
356,0.0,0.0,0.0,0.0,0.0
357,0.0,0.0,0.0,0.0,0.0
358,0.0,0.0,0.0,0.0,0.0
359,0.0,0.0,0.0,0.0,0.0
360,0.0,0.0,0.0,0.0,0.0
361,0.22093770070648683,0.02760391590434922,0.01371173469387755,0.049076253655752904,0.025155393053016454
362,0.0020191822311963654,0.0013248793413456988,0.0005580357142857143,0.0015999542870203708,0.000800617619306322
363,0.009861048857014791,0.005288885327349948,0.0026307397959183672,0.006885040684331317,0.003454412226525699
364,0.0008322929671244278,0.0003911024199462234,0.00015943877551020407,0.0005321448764426115,0.00026614325160517646
365,0.11871799734496491,0.02629147417051659,0.012476084183673469,0.04304920400233814,0.02199810240011245
366,0.0,0.0,0.0,0.0,0.0
367,0.02778335676508,0.027443459859806903,0.008270886479591837,0.02761236235403706,0.01399946026177304
368,0.004967801287948482,0.0015249929398475008,0.0005381058673469387,0.00233362143474503,0.001168173755029637
369,0.003257328990228013,0.0006038647342995169,0.00015943877551020407,0.0010188487009679063,0.0005096839959225281
370,0.0,0.0,0.0,0.0,0.0
371,0.017042520227233602,0.020741671904462602,0.003946109693877551,0.018711018711018712,0.00944386149003148
372,0.26905611417450537,0.05490105235290224,0.03306361607142857,0.09119393139841689,0.04777537796976242
373,0.0,0.0,0.0,0.0,0.0
374,0.1028835526976791,0.04336043360433604,0.02040816326530612,0.061008668712204714,0.031464126593946845
375,0.07541478129713423,0.008894818768067601,0.003985969387755102,0.015912797867685086,0.0080202109315475
376,0.0,0.0,0.0,0.0,0.0
377,0.022673434856175973,0.01063098323372296,0.0040058992346938774,0.014475010802246868,0.00729026876065431
378,0.08674254075669025,0.013081597624901424,0.005620216836734694,0.02273460174137375,0.011498002120198973
379,0.05449251247920133,0.016740144399718868,0.005221619897959184,0.025612200009775647,0.012972223597563995
380,0.04077343421605717,0.0028654141557367366,0.0019331951530612245,0.005354530650547873,0.0026844523163779264
381,0.0,0.0,0.0,0.0,0.0
382,0.002466091245376079,0.00021284143313231643,0.00011957908163265306,0.00039186232570290305,0.0001959695593951073
383,0.12303290414878398,0.07850296668188042,0.034279336734693876,0.09584842574533296,0.05033655253146035
384,0.06556592486240727,0.015302987992180954,0.00546077806122449,0.02481434522731389,0.012563044475011463
385,0.30924263895449533,0.0786512354331024,0.039142219387755105,0.1254070621288551,0.06689829007425574
386,0.11917098445595854,0.021942576776303836,0.009626116071428572,0.037061193170918855,0.018880462825424126
387,0.021299509393322962,0.008637003251006841,0.003547512755102041,0.012290271352620313,0.006183131860497429
388,0.012412723041117145,0.00431649130920723,0.002232142857142857,0.006405490420360309,0.0032130357450226633
389,0.010039040713887339,0.001447352550958871,0.0007174744897959184,0.002529955374398257,0.0012665798824895332
390,0.0,0.0,0.0,0.0,0.0
391,0.0,0.0,0.0,0.0,0.0
392,0.05765993265993266,0.00942001581462509,0.00546077806122449,0.016194331983805668,0.00816326530612245
393,0.2041156484390025,0.2981412987499415,0.12691326530612246,0.24232737789447648,0.13786832362683757
394,0.1610217694813589,0.10602294780565864,0.06206154336734694,0.1278587559022788,0.0682954645144311
395,0.03137918075911311,0.006381108860952963,0.00332828443877551,0.010605531387927476,0.005331034923067101
396,0.014154941515511103,0.011003492126243658,0.00332828443877551,0.012381835032437442,0.006229483736198149
397,0.0,0.0,0.0,0.0,0.0
398,0.017017521744611117,0.005242107715605949,0.002690529336734694,0.008015199192542895,0.004023725075258561
399,0.00022431583669807088,3.099429704934292e-05,1.992984693877551e-05,5.446326452807581e-05,2.723237384602816e-05
400,0.029753471238311135,0.009746136353088597,0.004185267857142857,0.014682747771368642,0.007395668251452721
401,0.15421979356405585,0.15107485767694792,0.07087053571428571,0.15263112713537644,0.08262081784386617
402,0.030628913694527634,0.011424799431298873,0.00448421556122449,0.01664201183431953,0.008390826030206973
403,0.13322091062394603,0.017039082046415324,0.007872289540816327,0.030213791257123188,0.015338614476545512
404,0.7606466876971609,0.07353333587466168,0.03844467474489796,0.13410267996802114,0.07187034277198212
405,0.06150863588297498,0.016576422532535384,0.006955516581632653,0.02611493564800958,0.013230221009136055
406,0.21830985915492956,0.042320819112627986,0.016063456632653062,0.07089765580331618,0.036751630112625965
407,0.0,0.0,0.0,0.0,0.0
408,0.4502525028794188,0.216034687978235,0.10128348214285714,0.291976674039815,0.17094419590299034
409,0.043665905052043666,0.0073879987973025215,0.0034279336734693877,0.012637766348273329,0.006359065365276546
410,0.0,0.0,0.0,0.0,0.0
411,0.02157164869029276,0.014758352254297762,0.003627232142857143,0.01752612066059993,0.00884053043182591
412,0.2779827798277983,0.041225829989055086,0.018016581632653062,0.07180301826846704,0.037238424781677375
413,0.0,0.0,0.0,0.0,0.0
414,0.022298958211401147,0.01922688736374647,0.00759327168367347,0.020649287301501274,0.010432353988116426
415,0.12860101675767274,0.03403428343631652,0.013612085459183673,0.05382402773946964,0.02765630061548429
416,0.0934199837530463,0.010965609306464941,0.006875797193877551,0.01962736452851657,0.009910945130709566
417,0.3898934452696158,0.1965252064938764,0.09626116071428571,0.2613282835114297,0.15030340749961102
418,0.0,0.0,0.0,0.0,0.0
419,0.0,0.0,0.0,0.0,0.0
420,0.13498920086393087,0.12229660144181256,0.04733338647959184,0.12832982114875452,0.0685643349981235
421,0.1233059616796849,0.08524484238704019,0.036810427295918366,0.1008022703705725,0.05307623782292595
422,0.03446808510638298,0.007899356348741955,0.0032286352040816328,0.012853062519834974,0.006468098698394953
423,0.0,0.0,0.0,0.0,0.0
424,0.12277972254635032,0.03310494301894707,0.01887356505102041,0.05214901291335114,0.02677258848806966
425,0.0,0.0,0.0,0.0,0.0
426,0.0,0.0,0.0,0.0,0.0
427,0.0,0.0,0.0,0.0,0.0
428,0.07058388765705839,0.0061762328213419565,0.0038066007653061226,0.011358567987868336,0.005711722488038277
429,0.24598930481283424,0.03243205132724645,0.01833545918367347,0.057308375120690196,0.029499470933401738
430,0.553746106344609,0.4714777591662014,0.20194913903061223,0.5093111507627353,0.34166160900937353
431,0.0,0.0,0.0,0.0,0.0
432,0.008000587199060482,0.00471167977868073,0.0021723533163265306,0.0059306817563523585,0.0029741602772244808
433,0.12426836282437324,0.19641711229946524,0.07320232780612244,0.152226619972232,0.08238381482146061
434,0.004878898762850671,0.001250837614473978,0.0005580357142857143,0.0019911819086900866,0.0009965831435079728
435,0.3740195140616032,0.14113485417268265,0.038962850765306124,0.20493736569002569,0.11416725064237328
436,0.0,0.0,0.0,0.0,0.0
437,0.1824665676077266,0.053111889624151205,0.024473852040816327,0.08227530065994439,0.0429025608776159
438,0.12352807456240054,0.1096670030272452,0.05414939413265306,0.11618558905281164,0.0616757088053027
439,0.0,0.0,0.0,0.0,0.0
440,0.05801610541727672,0.06205951448707909,0.01895328443877551,0.059969731365872116,0.03091175036567528
441,0.07086683750110453,0.03729712133190718,0.01598373724489796,0.04887263863497867,0.02504841026922356
442,0.03543390621684702,0.02927598901419973,0.009984853316326531,0.03206194803532574,0.01629215310071217
443,0.18085595950299124,0.07928982144658529,0.031329719387755105,0.11024616031979802,0.05833890002226676
444,0.0,0.0,0.0,0.0,0.0
445,0.00018318373328448433,5.950964056177101e-05,1.992984693877551e-05,8.983515249517137e-05,4.49195939268709e-05
446,0.0,0.0,0.0,0.0,0.0
447,0.19718698290126863,0.0551314673452078,0.01424984056122449,0.08617053329316059,0.045025188916876575
448,0.0,0.0,0.0,0.0,0.0
449,0.24253059755219583,0.1311627001508736,0.0537109375,0.17025174515935437,0.09304654053307554
450,0.061644491241504736,0.06321162151550844,0.025669642857142856,0.06241822146837897,0.03221449652343555
451,0.3959815300137277,0.20156269851353067,0.06323740433673469,0.2671437592085877,0.15416383247497814
452,0.005786057013830087,0.0014645995570479388,0.000817123724489796,0.0023375142531356897,0.0011701247181711808
453,0.05716406829992576,0.008055797733217088,0.004603794642857143,0.014121530749480377,0.007110974295828844
454,0.0,0.0,0.0,0.0,0.0
455,0.017948450380882813,0.007301129128109347,0.0034279336734693877,0.010379891976705592,0.005217022051017622
456,0.0,0.0,0.0,0.0,0.0
457,0.01954722249925202,0.011449266896430867,0.00390625,0.01444043321299639,0.007272727272727273
458,0.0,0.0,0.0,0.0,0.0
459,0.0,0.0,0.0,0.0,0.0
460,0.0009589566551591868,0.0004185151083954131,9.964923469387755e-05,0.0005827166249053085,0.0002914432268594078
461,0.09638140970673983,0.020570257311225797,0.011200573979591837,0.033904440154440156,0.017244553544031913
462,0.0,0.0,0.0,0.0,0.0
463,0.28410219373476575,0.11643050057345813,0.06271922831632654,0.16517083923791528,0.09001973740667639
464,0.00011816140848398913,4.103069095683571e-05,1.992984693877551e-05,6.091061367443277e-05,3.0456234391179874e-05
465,0.07714209449239257,0.03221970344494407,0.017279177295918366,0.045454545454545456,0.023255813953488372
466,0.09950248756218906,0.017563668297578723,0.008370535714285714,0.029857112390701643,0.015154795410261962
467,0.07684319833852545,0.040565233280545746,0.01327327806122449,0.05309946182977875,0.02727384413776158
468,0.9471443774388081,0.17445279320483503,0.10642538265306123,0.29463694548664754,0.17277080367542383
469,0.0,0.0,0.0,0.0,0.0
470,0.0,0.0,0.0,0.0,0.0
471,0.12215252558600198,0.01512797448687546,0.007374043367346939,0.026921817586495433,0.0136445772024929
472,0.0,0.0,0.0,0.0,0.0
473,0.12639593908629443,0.061814721337250196,0.02977519132653061,0.08302536886270805,0.04331062472822148
474,0.0,0.0,0.0,0.0,0.0
475,0.28960561497326204,0.1854963874765855,0.06907684948979592,0.22614425994193063,0.12748740206716444
476,0.40147700570661293,0.1823356032117085,0.07150829081632654,0.25077756421457276,0.1433651656211292
477,0.008656716417910448,0.003474718427989456,0.0017338966836734694,0.004958960328317373,0.002485643267335219
478,0.1584117887842816,0.014451622540050038,0.0077128507653061226,0.026486893436451987,0.013421189526616958
479,0.01635856460687438,0.014865097095720915,0.006895727040816327,0.015576113624597654,0.0078491867244391
480,0.014466414655423088,0.007843291817751853,0.003966039540816327,0.010171744019627888,0.005111870328033086
481,0.0,0.0,0.0,0.0,0.0
482,0.9700635220975807,0.49120585819874074,0.28609295280612246,0.6521739130434783,0.4838709677419355
483,0.0,0.0,0.0,0.0,0.0
484,0.0,0.0,0.0,0.0,0.0
485,0.0,0.0,0.0,0.0,0.0
486,0.07551789077212806,0.015405301575105647,0.00799186862244898,0.02559029993618379,0.012960987750088885
487,0.39556289827708285,0.06736063663036052,0.03340242346938776,0.11511779655196099,0.06107426572407259
488,0.0014858841010401188,0.0003703155088135091,0.0001992984693877551,0.0005928736586233473,0.00029652473016249557
489,0.004797121726963821,0.0013194062671797692,0.00047831632653061223,0.002069589962488682,0.001035866891104493
490,0.08941358622024385,0.01841591262406824,0.009207589285714286,0.03054141601110597,0.01550751879699248
491,0.2324804212800432,0.2988111766747657,0.13725685586734693,0.26150516403402185,0.15042044337665175
492,0.7734352466109028,0.23939826801178465,0.10688376913265306,0.36562585219525495,0.22371000709131106
493,0.0015858631626642502,0.00022234221643426612,0.00013950892857142856,0.00039000473577179153,0.00019504040122596822
494,0.8903799233182293,0.20997040933749794,0.10182158801020408,0.3398071167276355,0.20467929970754375
495,0.1264277890783915,0.03368631701826065,0.01610331632653061,0.05319814333212628,0.027325915654908856
496,0.0,0.0,0.0,0.0,0.0
497,0.14807947019867548,0.04569046548694266,0.02228156887755102,0.06983353633779943,0.0361800588977703
498,0.0,0.0,0.0,0.0,0.0
499,0.3608441680798945,0.06975050081952286,0.038165656887755105,0.11690372993101764,0.06208059130547541
500,0.9997376705141658,0.14135232372686474,0.07595264668367346,0.2476846586293179,0.14134708107707145
501,0.0,0.0,0.0,0.0,0.0
502,0.12263822881650632,0.039238957089344655,0.02108577806122449,0.05945490306265805,0.030638248581026293
503,0.0,0.0,0.0,0.0,0.0
504,0.07551226916266127,0.027995310668229776,0.01189811862244898,0.040847045944374126,0.020849339945519314
505,0.12370565529072973,0.12496131707618989,0.04023836096938776,0.12433031590615186,0.06628582684920713
506,0.00047382136934375743,0.00016199578810950914,7.971938775510203e-05,0.00024144383412808595,0.00012073649260488983
507,0.0,0.0,0.0,0.0,0.0
508,0.010901883052527254,0.006702287214098238,0.002849968112244898,0.00830116390444954,0.0041678810842320025
509,0.0,0.0,0.0,0.0,0.0
510,0.01404297149276787,0.0053751881315846056,0.001992984693877551,0.007774538386783284,0.003902439024390244
511,0.005138623326959847,0.0016593347225437988,0.0008569834183673469,0.0025086050988857127,0.0012558778001693974
512,0.00035829451809387314,0.00012644356402259125,5.978954081632653e-05,0.00018692171095672762,9.346959122632104e-05
513,0.0,0.0,0.0,0.0,0.0
514,0.011372251705837756,0.00396930404869013,0.001793686224489796,0.005884660651235779,0.0029510131811922094
515,0.0,0.0,0.0,0.0,0.0
516,0.0020249746878164025,0.000292597288598459,0.00011957908163265306,0.00051131279560271,0.0002557217747091165
517,0.0,0.0,0.0,0.0,0.0
518,0.6425610317825887,0.08087894248608535,0.027802136479591837,0.14367372161285338,0.07739680426098536
519,0.0,0.0,0.0,0.0,0.0
520,0.024458874458874458,0.013925974612825041,0.006756218112244898,0.01774729733267021,0.008953095288400591
521,0.0,0.0,0.0,0.0,0.0
522,0.0,0.0,0.0,0.0,0.0
523,0.05748203686348016,0.03821232762917428,0.01833545918367347,0.045907038247548715,0.023492760654733026
524,0.0,0.0,0.0,0.0,0.0
525,0.0,0.0,0.0,0.0,0.0
526,0.024842075377954433,0.014915832090347326,0.006975446428571429,0.018639825318208448,0.009407590581657885
527,0.4462084422861412,0.10264673025693907,0.04761240433673469,0.16689953891295237,0.09104767712184153
528,0.01168057210965435,0.0016191923864913092,0.0009765625,0.0028441245610471024,0.0014240874215298769
529,0.7569352708058125,0.18051666199943994,0.10277822066326531,0.29151239365761283,0.17062599258867125
530,0.17417397612609642,0.12260340745554989,0.052634725765306124,0.14390802092414995,0.07753280685788098
531,0.0,0.0,0.0,0.0,0.0
532,0.006446687590126389,0.003359710003978604,0.0015146683673469387,0.004417320546352805,0.0022135492514708454
533,0.08893989384593315,0.02492863173977725,0.012356505102040817,0.03894227749513222,0.01985779258215361
534,0.0,0.0,0.0,0.0,0.0
535,0.005092686901609289,0.0009442157344109983,0.0004982461734693878,0.0015930669725355254,0.0007971684576384681
536,0.07557508990239169,0.057281301375789566,0.026387117346938774,0.0651687052395836,0.033681854028339564
537,0.0015710919088766694,0.00022619316896629722,7.971938775510203e-05,0.0003954522985664854,0.00019776525264511026
538,0.0,0.0,0.0,0.0,0.0
539,0.061328703467293064,0.08401538999650228,0.02393574617346939,0.07090146998051833,0.03675367995838051
540,0.0,0.0,0.0,0.0,0.0
541,0.15123421022134662,0.05802578923966207,0.02600845025510204,0.08387158970403934,0.043771382571946064
542,0.0,0.0,0.0,0.0,0.0
543,0.0,0.0,0.0,0.0,0.0
544,0.0029844998555887165,0.0014701697808972777,0.0006178252551020409,0.001969942490388587,0.0009859423700782394
545,0.5085166784953868,0.0991798456587189,0.057118941326530615,0.16598615816754989,0.0905043104809423
546,0.0,0.0,0.0,0.0,0.0
547,0.00020938023450586265,4.882097349021139e-05,1.992984693877551e-05,7.917969832534938e-05,3.959141658088527e-05
548,0.25827747308551696,0.12251288721876957,0.050681600765306124,0.16619285690945332,0.0906272273699216
549,0.2502627430373095,0.20251953436453515,0.07593271683673469,0.2238740194494227,0.12604625004135375
550,0.0,0.0,0.0,0.0,0.0
551,0.0,0.0,0.0,0.0,0.0
552,0.0,0.0,0.0,0.0,0.0
553,0.07644094875261152,0.028728465197912337,0.012396364795918368,0.04176178326843024,0.0213262017417541
554,0.0,0.0,0.0,0.0,0.0
555,0.0,0.0,0.0,0.0,0.0
556,0.10141206675224647,0.1273889154323937,0.04251036352040816,0.11292585435582497,0.05984176860060599
557,0.0,0.0,0.0,0.0,0.0
558,0.2755681818181818,0.060516259845589955,0.03093112244897959,0.09923908178272269,0.052210186368835364
559,0.06926922161390145,0.04192177483252899,0.011599170918367346,0.05223244334754319,0.0268165691379072
560,0.11723871962977246,0.01316872427983539,0.006058673469387755,0.023677856530882467,0.011980767714983841
561,0.004257583821181479,0.002675943270002676,0.0007971938775510204,0.003286365690342193,0.0016458873390116447
562,0.1795443683288195,0.08634692001225866,0.044921875,0.1166123441461017,0.061916272937039885
563,0.0,0.0,0.0,0.0,0.0
564,0.0,0.0,0.0,0.0,0.0
565,0.023023791250959325,0.0012397206496136204,0.0005978954081632653,0.0023527566465375263,0.0011777638190954773
566,0.6248876909254267,0.09004401864319006,0.027722417091836735,0.15740635962430688,0.0854265184548302
567,0.005459464682578027,0.007012535683256795,0.0022520727040816328,0.006139302401390851,0.0030791029728330474
568,0.10110793161640619,0.12445809248554913,0.027463329081632654,0.11157443018501276,0.059083308322257
569,0.06221611915073413,0.04581518357187306,0.011738679846938776,0.052770684943779955,0.027100395693383638
570,0.0,0.0,0.0,0.0,0.0
571,0.0,0.0,0.0,0.0,0.0
572,0.0,0.0,0.0,0.0,0.0
573,0.00647134957053771,0.0024401064773735583,0.001096141581632653,0.0035439286059473565,0.001775109734056287
574,0.0,0.0,0.0,0.0,0.0
575,0.0,0.0,0.0,0.0,0.0
576,0.0,0.0,0.0,0.0,0.0
577,0.9989637305699481,0.14190034591889306,0.07684948979591837,0.24850164335889668,0.1418794613290161
578,0.0,0.0,0.0,0.0,0.0
579,0.11099299649824912,0.07300320802829645,0.03537547831632653,0.08807621694040589,0.04606680335314422
580,0.34550537998813863,0.14421104745738736,0.08127391581632654,0.20348793692772135,0.11326833874954866
581,0.35766423357664234,0.04693877551020408,0.0224609375,0.08298663524907036,0.04328954444188369
582,0.0,0.0,0.0,0.0,0.0
583,0.4228694714131607,0.051863285556780596,0.0234375,0.09239472030169704,0.04843492586490939
584,0.0,0.0,0.0,0.0,0.0
585,0.00035435861091424523,6.337537233031244e-05,1.992984693877551e-05,0.0001075211010160744,5.3763440860215054e-05
586,0.0,0.0,0.0,0.0,0.0
587,0.0,0.0,0.0,0.0,0.0
588,0.0,0.0,0.0,0.0,0.0
589,0.0,0.0,0.0,0.0,0.0
590,0.0,0.0,0.0,0.0,0.0
591,0.02414418499206529,0.009673024523160764,0.004245057397959184,0.01381233383049089,0.006954193737960756
592,0.00861244019138756,0.0006750421901368836,0.0003587372448979592,0.0012519561815336462,0.0006263701847792045
593,0.0,0.0,0.0,0.0,0.0
594,1.0,0.09310317894243536,0.04751275510204082,0.17034655234012147,0.09310317894243536
595,0.0,0.0,0.0,0.0,0.0
596,0.0,0.0,0.0,0.0,0.0
597,0.5371835443037974,0.02802889576883385,0.013532366071428572,0.05327788457766095,0.02736799677549375
598,0.00703021090632719,0.001250295678031967,0.0007374043367346938,0.0021230204268992427,0.0010626382147677991
599,0.0927655876602216,0.020973525222260425,0.008510044642857142,0.034212002243409985,0.017403708987161197
600,0.023739610809734732,0.023878654385262314,0.009506536989795918,0.02380892959644613,0.01204788846231562
601,0.0,0.0,0.0,0.0,0.0
602,0.013885070112730272,0.003268291104423519,0.0020129145408163264,0.005291143882442308,0.002652589557726652
603,0.3834065934065934,0.17614984601403544,0.06953523596938775,0.24139481786418515,0.13726493036430876
604,0.002083815698078259,0.0010466941908472407,0.0003587372448979592,0.0013934584865492549,0.0006972150133632877
605,0.4093567251461988,0.11361508209001811,0.07254464285714286,0.17786464695822135,0.09761330115312417
606,0.0,0.0,0.0,0.0,0.0
607,0.004859423811176675,0.0012609772573744652,0.0005580357142857143,0.0020023599241963744,0.0010021833279644941
608,0.011425732737208148,0.0013373648098616118,0.00045838647959183676,0.0023944615064286088,0.0011986658328121743
609,0.0,0.0,0.0,0.0,0.0
610,0.1859375,0.06335684812990816,0.028459821428571428,0.0945100764419736,0.049598832968636035
611,0.0,0.0,0.0,0.0,0.0
612,0.021783067594879857,0.0062239332691690725,0.0019331951530612245,0.009681604950593871,0.004864349832004413
613,0.008763121862163395,0.009016624401239785,0.001913265306122449,0.008888065919822238,0.0044638705477541155
614,0.061706239646604086,0.02596120339179928,0.008908641581632654,0.036546480255089525,0.018613366645846344
615,0.0,0.0,0.0,0.0,0.0
616,0.002130681818181818,0.0002893239463786286,0.00011957908163265306,0.0005094676063513628,0.0002547987090198743
617,0.006681852695520122,0.003235769966171496,0.0008769132653061224,0.004360105038894119,0.002184815532052237
618,0.15568544102019127,0.020577287730879978,0.005839445153061225,0.03635010235097078,0.018511498610058123
619,0.0,0.0,0.0,0.0,0.0
620,0.8167330677290837,0.029776314515348117,0.01225685586734694,0.05745784089316579,0.029578684109272797
621,0.8464701850582591,0.057160048134777375,0.024613360969387755,0.1070886624756124,0.05657352267521759
622,0.042822276458841804,0.014282542736623991,0.007692920918367347,0.021420643729189788,0.010826274751781006
623,0.22599539322145443,0.15112441138934118,0.0684390943877551,0.18112769660847092,0.09958241503305881
624,0.0009041591320072332,0.0001164551065564225,5.978954081632653e-05,0.00020633446817290828,0.0001031778786628147
625,0.06440043661312958,0.02005049033886785,0.008231026785714286,0.030580134019473546,0.015527483269418753
626,0.23643968696590806,0.21355161067554942,0.10477120535714286,0.22441356641266996,0.12638842140693368
627,0.0,0.0,0.0,0.0,0.0
628,0.16926707748787204,0.07295846284261091,0.025729432397959183,0.10196666929942343,0.053722275394282384
629,0.01092190252495596,0.005741095129328971,0.0018534757653061226,0.007526098567613498,0.003777263311806994
630,0.25835061413303556,0.37259593264010304,0.16139190051020408,0.30513008911245504,0.18003156888464017
631,0.4795713328868051,0.13113553113553114,0.05707908163265306,0.20595426434632533,0.11479878146544813
632,0.0,0.0,0.0,0.0,0.0
633,0.001473960039305601,0.0012842465753424657,0.0003587372448979592,0.0013725789232880892,0.0006867607783288822
634,0.0,0.0,0.0,0.0,0.0
635,0.7942157953281423,0.021980051717768748,0.014229910714285714,0.0427762633675823,0.02185558174416113
636,0.3025628265737746,0.06678016365533528,0.02423469387755102,0.10941155299622098,0.057871692366266894
637,0.09799196787148594,0.014607716945550334,0.00972576530612245,0.02542527418136348,0.012876329190743819
638,0.25665016765128534,0.3609215017064846,0.16017617984693877,0.29998320362801634,0.17645896456329865
639,0.12436812369907821,0.09795081967213115,0.03334263392857143,0.10958993842525874,0.057971516684569804
640,0.13704276146316333,0.06467822985897229,0.03180803571428571,0.08788062331369419,0.04595979957380637
641,0.07904213179690313,0.054797370391944746,0.026247608418367346,0.06472380577943779,0.033444221539399174
642,0.3419656786271451,0.11689419795221843,0.06552933673469388,0.17423098322867817,0.09542882020026121
643,0.014684813753581662,0.009189940377459991,0.00408561862244898,0.01130504315217691,0.005684654206644113
644,0.14689185353391995,0.044558291716893406,0.020627391581632654,0.06837550373257581,0.035397927425698555
645,0.2582459485224023,0.08859310615475179,0.053989955357142856,0.13192753482029804,0.07062227899580281
646,0.15575785161583977,0.10698430563371475,0.034099968112244895,0.12684409518867226,0.06771678473898761
647,0.2139947280134196,0.03814772096202315,0.01779735331632653,0.06475237473714741,0.03345947768743677
648,0.0,0.0,0.0,0.0,0.0
649,0.477936535261376,0.3468393437161656,0.16599569515306123,0.4019690644530779,0.2515402271079971
650,0.028354804906614066,0.0161109554497058,0.009167729591836735,0.020547180346175323,0.010380232426943473
651,0.557825484764543,0.12857142857142856,0.06421396683673469,0.2089765209495395,0.11667994495545737
652,0.0010384215991692627,0.0003491315353059265,0.00015943877551020407,0.0005225684238029917,0.00026135249918327345
653,0.0,0.0,0.0,0.0,0.0
654,0.03244704821991888,0.006702974444909929,0.0028698979591836736,0.011110682458238494,0.005586375450983435
655,0.2763632996944727,0.23803827751196172,0.11898118622448979,0.2557731031232595,0.1466398113578306
656,0.0,0.0,0.0,0.0,0.0
657,0.9984332158245202,0.10901081982636958,0.05080117984693878,0.1965607649599013,0.10899217514003506
658,0.20087730615404464,0.09861920445908284,0.03103077168367347,0.13229109138026254,0.07083067964698389
659,0.030090886760009827,0.01987184686511477,0.0048828125,0.0239363001318939,0.012113121724513003
660,0.360157827124243,0.20333626897373466,0.07822464923469388,0.25992516804079335,0.1493758562947176
661,0.15181180596142607,0.09123238354480397,0.04141422193877551,0.11397230220759633,0.06042981359234594
662,0.0,0.0,0.0,0.0,0.0
663,0.0,0.0,0.0,0.0,0.0
664,0.03524766690595836,0.027801370250835174,0.009785554846938776,0.031084802633661486,0.015787781350482314
665,0.20381558028616853,0.027007668323923484,0.012775031887755101,0.0476952267569478,0.024430215717661408
666,0.0,0.0,0.0,0.0,0.0
667,0.13226837060702876,0.017074981440237565,0.00825095663265306,0.030245470485096435,0.015354943995252578
668,0.0,0.0,0.0,0.0,0.0
669,0.13616522942616843,0.28871331828442437,0.07647082270408163,0.1850538956811112,0.10196109693877552
670,0.0,0.0,0.0,0.0,0.0
671,0.0,0.0,0.0,0.0,0.0
672,0.26282189226023955,0.17684251170423282,0.07302295918367346,0.21142527409117137,0.1182088011356304
673,0.07035581090615865,0.035820589140921684,0.013911033163265306,0.047471690413847044,0.024312933226514333
674,0.0,0.0,0.0,0.0,0.0
675,0.09033778476040849,0.012853111291178854,0.009167729591836735,0.022504341870306498,0.011380223151332228
676,0.5453035615427201,0.1355628956785026,0.058892697704081634,0.21714369695410957,0.12179540021432693
677,0.0,0.0,0.0,0.0,0.0
678,0.2338794004879749,0.36900571931368237,0.1337292729591837,0.2862994410547425,0.16706503336321082
679,0.011949582583074153,0.004091010984084286,0.0014548788265306123,0.00609526990356114,0.0030569514237855947
680,0.19608790147307414,0.03724770642201835,0.016183035714285716,0.06260360047800778,0.032313263560030246
681,0.0,0.0,0.0,0.0,0.0
682,0.17712886868333624,0.038121401422496516,0.02018893494897959,0.06273999752260621,0.03238594584225839
683,0.0,0.0,0.0,0.0,0.0
684,0.001358490566037736,0.00037159372419488026,0.0001793686224489796,0.0005835629761711784,0.00029186664937086524
685,0.0006240465954791291,0.00043406964406289187,0.0001793686224489796,0.0005120036409147798,0.00025606737417133754
686,0.0,0.0,0.0,0.0,0.0
687,0.0,0.0,0.0,0.0,0.0
688,0.0,0.0,0.0,0.0,0.0
689,0.06572090330052113,0.00732872731968748,0.004524075255102041,0.013186940862088997,0.006637232829449432
690,0.09893941595234636,0.026294451523224835,0.013572225765306123,0.04154719053138918,0.021214292389645183
691,0.0,0.0,0.0,0.0,0.0
692,0.09533572526909277,0.03711587069309565,0.02224170918367347,0.05343036338392301,0.02744847262531359
693,0.0,0.0,0.0,0.0,0.0
694,0.0,0.0,0.0,0.0,0.0
695,0.14859060402684562,0.052330528505247234,0.02206234056122449,0.07740176199132988,0.04025893733861876
696,0.5150489089541008,0.0680959013131715,0.027283960459183673,0.12028819963096389,0.06399289487215444
697,0.0005749604714675866,0.00015198145826209202,7.971938775510203e-05,0.00024041351123933166,0.00012022120702091849
698,0.008069522036002483,0.001041249499399279,0.0005181760204081633,0.0018444948921679909,0.0009230987715685579
699,0.0,0.0,0.0,0.0,0.0
700,0.000947081804190837,0.00039840637450199205,0.00015943877551020407,0.0005608721562028955,0.0002805147445562607
701,0.22974193062974946,0.29844108879440945,0.12171157525510204,0.25962376448081625,0.1491768039474327
702,0.0,0.0,0.0,0.0,0.0
703,0.0,0.0,0.0,0.0,0.0
704,0.016634820726087445,0.005393389453737109,0.0029496173469387753,0.00814574274863779,0.004089527493782813
705,0.6095020325203252,0.21351014595941617,0.0956234056122449,0.3162404429211706,0.18781805370703827
706,0.015453960077269801,0.004789144605560729,0.0014349489795918368,0.007312242928959529,0.0036695377401763417
707,0.15058670143415906,0.05403508771929825,0.023018973214285716,0.07953176106042348,0.04141269272140552
708,0.0,0.0,0.0,0.0,0.0
709,0.18754141815772035,0.02115808754812904,0.01128029336734694,0.03802613456951863,0.019381570386604118
710,0.02359320046893318,0.006427915518824609,0.003208705357142857,0.010103228640456841,0.005077262693156733
711,0.14498644986449866,0.03935873463507342,0.025589923469387755,0.06191084645242171,0.03194427167558154
712,0.0,0.0,0.0,0.0,0.0
713,0.0016181229773462784,0.00029513760790968787,0.00015943877551020407,0.0004992199687987519,0.00024967230509955683
714,0.0,0.0,0.0,0.0,0.0
715,0.29141972342356776,0.2805160096623323,0.10877710459183673,0.2858639291887079,0.16676851625519432
716,0.004071406201064829,0.002230610844200412,0.0007772640306122449,0.0028821638399290543,0.0014431616341030195
717,0.0,0.0,0.0,0.0,0.0
718,0.0,0.0,0.0,0.0,0.0
719,0.09943704044117647,0.0775780934881011,0.034498565051020405,0.08715792653759975,0.04556462226901816
720,0.43591047812817907,0.04015556180301753,0.01707987882653061,0.07353698301012528,0.03817201906373881
721,0.0,0.0,0.0,0.0,0.0
722,0.167192429022082,0.03835831247549833,0.025350765306122448,0.06240035320954647,0.03220497759323493
723,0.7194599934145538,0.4849520596590909,0.21773357780612246,0.5793758120541989,0.40783186501418545
724,0.02805912948261703,0.00855521241966447,0.00408561862244898,0.013112447230395292,0.006599491356275956
725,0.0,0.0,0.0,0.0,0.0
726,0.0,0.0,0.0,0.0,0.0
727,0.1444676409185804,0.14695264387343385,0.04137436224489796,0.14569954732077062,0.07857386170091972
728,0.2927236022118845,0.12429189028026237,0.06646603954081633,0.17449313276651407,0.09558612783032387
729,0.002439294822042355,0.0011058054787635085,0.0004384566326530612,0.0015217541675312998,0.0007614564585352347
730,0.18924633741126717,0.06542056074766354,0.024972098214285716,0.09722976643128735,0.05109905795032829
731,0.09541499160348074,0.07402582020608789,0.03736846301020408,0.08337038683859493,0.04349843405637397
732,0.10656798302365302,0.08350231162300267,0.04103555484693878,0.09363559880852225,0.04911736641221374
733,0.0,0.0,0.0,0.0,0.0
734,0.0,0.0,0.0,0.0,0.0
735,0.14420264002854086,0.0760031589635591,0.04027822066326531,0.09954193961483525,0.05237786704677984
736,0.000510812191384301,0.0003755163349605708,0.00011957908163265306,0.0004328379743182802,0.0002164658344757919
737,0.0,0.0,0.0,0.0,0.0
738,0.6629229978712472,0.2925114983481246,0.17998644770408162,0.4059150055059892,0.2546382450797947
739,0.29962106363517577,0.21318333953142432,0.09139827806122448,0.24911727959150415,0.14228096301811863
740,0.16522290302133952,0.11519481476025632,0.0623405612244898,0.13574621360065964,0.07281530797523163
741,0.0008922596475574393,0.0004589524410532959,0.00015943877551020407,0.0006061294844111073,0.000303156618287923
742,0.0,0.0,0.0,0.0,0.0
743,0.24760267430754537,0.2915560753970039,0.12916533801020408,0.2677877861333774,0.15459294420723707
744,0.17849558511232816,0.09749099566571028,0.03182796556122449,0.1261054958938724,0.06729594201677132
745,0.21557171813520926,0.2317948717948718,0.10809948979591837,0.22338913943287825,0.1257389248209194
746,0.003743448964312453,0.0006860906554452728,0.00029894770408163266,0.0011596443757247777,0.0005801585766776252
747,0.07842934106920846,0.02859517243984437,0.01508689413265306,0.041910034602076124,0.021403528613435873
748,0.11371237458193979,0.029849108367626886,0.010841836734693877,0.04728584466947716,0.02421544624972179
749,0.0,0.0,0.0,0.0,0.0
750,0.0,0.0,0.0,0.0,0.0
751,1.0,0.14757438139297993,0.06929607780612244,0.25719357940676085,0.14757438139297993
752,0.0,0.0,0.0,0.0,0.0
753,0.16256953167055446,0.13254657173510193,0.05416932397959184,0.1460308932169241,0.07876662706117599
754,0.23361759425493717,0.041908212560386474,0.020746970663265307,0.07106772255598034,0.03684303663068483
755,0.3253298466658742,0.19212410501193317,0.05454799107142857,0.24158171146122953,0.13738580463808855
756,0.010512683781519006,0.006733349597462796,0.0027503188775510204,0.008208910832193207,0.004121371401266277
757,0.0,0.0,0.0,0.0,0.0
758,0.23990311837723283,0.1826900908378291,0.07896205357142858,0.20742369509449768,0.1157126168224299
759,0.7098643919510061,0.3035872971329685,0.12936463647959184,0.4252907452907453,0.27007572605475577
760,0.0,0.0,0.0,0.0,0.0
761,0.0,0.0,0.0,0.0,0.0
762,0.0009836065573770492,0.00011340440009072352,5.978954081632653e-05,0.00020336225596529283,0.0001016914680858276
763,0.2033196867212531,0.21760251464494929,0.09105947066326531,0.21021877659941568,0.11745501285347043
764,0.19806094182825484,0.1289244802715316,0.04844945790816327,0.15618374558303888,0.08470678420850901
765,0.20387031064335426,0.05895057183527217,0.02393574617346939,0.09145598537922632,0.047919243506363965
766,0.2991109324040567,0.2549116661590009,0.13343032525510204,0.275248216745123,0.15958714721586575
767,0.15649469055025206,0.25463959508988304,0.0872329400510204,0.19385269498206298,0.10732939359015228
768,0.014582164890633763,0.002781789974856898,0.0010363520408163266,0.0046722673974572086,0.0023416039987391364
769,0.10644768856447688,0.00723589001447178,0.0034877232142857145,0.013550660110728252,0.006821548296561939
770,0.4165070120315733,0.16874165605886554,0.1083187181122449,0.240178531972248,0.1364789192175376
771,0.04186224211330641,0.03709794437726723,0.015286192602040817,0.0393363592071185,0.020062777923097044
772,0.2395374614301549,0.38047202131709174,0.15935905612244897,0.293986800742688,0.17232387233033772
773,0.06747496046389036,0.010980526722141202,0.00510204081632653,0.018887413309724068,0.00953374050350067
774,0.012724053994246514,0.003535198278512143,0.002291932397959184,0.005533102386451117,0.0027742262321183027
775,0.2092585819530801,0.18666977394546724,0.07981903698979592,0.19731980095580628,0.10945912706004537
776,0.5490451388888888,0.04191239811808362,0.02521125637755102,0.0778797020254879,0.040517600333109124
777,0.0,0.0,0.0,0.0,0.0
778,0.0,0.0,0.0,0.0,0.0
779,0.09743947394639832,0.08056676826756734,0.019491390306122448,0.0882034632034632,0.046136427964902346
780,0.1874968025784008,0.13622509663990484,0.07304288903061225,0.15780069320359089,0.08565886037488898
781,0.0,0.0,0.0,0.0,0.0
782,0.18079661116667647,0.11882298352795607,0.061244419642857144,0.14340045264705195,0.07723822450108078
783,0.0,0.0,0.0,0.0,0.0
784,0.0,0.0,0.0,0.0,0.0
785,0.08614540466392319,0.021550392917195703,0.01251594387755102,0.03447613296368478,0.017540429572940816
786,0.011138206023858168,0.00985250393517169,0.0033681441326530613,0.01045597970673761,0.005255465373013652
787,0.1276309896999552,0.0432407828857533,0.017040019132653062,0.06459655485040798,0.03337627356833353
788,0.2693424600705248,0.17477622989434013,0.0517578125,0.21199134729194727,0.11856281957633309
789,0.2133281270337108,0.06439066551426102,0.03266501913265306,0.09892265443461991,0.052035049844434564
790,0.05696165706638739,0.05074116305587229,0.019511320153061226,0.053671774348290895,0.027575911216269507
791,0.0,0.0,0.0,0.0,0.0
792,0.0,0.0,0.0,0.0,0.0
793,0.0,0.0,0.0,0.0,0.0
794,0.17030838369750503,0.05197937851771272,0.021902901785714284,0.07964922452529352,0.041476393553987245
795,0.0,0.0,0.0,0.0,0.0
796,0.09039112113478545,0.19453314599565716,0.0607063137755102,0.12342977550855012,0.06577413085726624
797,0.08271771927999168,0.03170867900446713,0.01584422831632653,0.045843785139693796,0.023459631728045327
798,0.0,0.0,0.0,0.0,0.0
799,0.0,0.0,0.0,0.0,0.0
800,0.0005602240896358543,0.0002962962962962963,0.00011957908163265306,0.0003875968992248062,0.0001938360147315371
801,0.00199382557242089,0.0012638101838639978,0.0006178252551020409,0.0015470219826833346,0.0007741097737601758
802,0.04149467738431458,0.01787970980575708,0.007613201530612245,0.024991004546792712,0.012653615555334724
803,0.11380400421496312,0.09960343078483815,0.043048469387755105,0.10623124969261791,0.05609515400197372
804,0.0,0.0,0.0,0.0,0.0
805,0.03721204961606615,0.0028719912472647702,0.0012555803571428572,0.005332430487959711,0.002673342951710091
806,0.0013665869490946361,0.00048735912275357904,0.00015943877551020407,0.0007184875836364452,0.0003593728942994475
807,0.0,0.0,0.0,0.0,0.0
808,0.2726939702542311,0.15888329206864168,0.07417889030612244,0.20078219824679702,0.1115941594459269
809,0.0,0.0,0.0,0.0,0.0
810,0.10770728090095935,0.1483846252075086,0.04631696428571429,0.12481538172346196,0.06656164972075039
811,0.0,0.0,0.0,0.0,0.0
812,0.0,0.0,0.0,0.0,0.0
813,0.2688426162493613,0.1503267973856209,0.08388472576530612,0.19283014545871036,0.10670283425442377
814,0.0,0.0,0.0,0.0,0.0
815,0.0010703773080010704,0.00016675004168751042,7.971938775510203e-05,0.0002885482416591524,0.00014429493885501966
816,0.01670258620689655,0.010125424614580611,0.0030891262755102043,0.012607776150967951,0.006343879179797815
817,0.03850931677018633,0.01495154996273074,0.006796077806122449,0.021540016423472932,0.010887264135883274
818,0.15735945004237686,0.15831359545239224,0.06660554846938775,0.15783508075942193,0.08567912628826334
819,0.07565407913390901,0.04981753373504201,0.023397640306122448,0.06007573431583257,0.03096808230018465
820,0.21930988719309888,0.024336364640477153,0.013173628826530613,0.04381110190555095,0.022396150979196314
821,0.20034377387318564,0.041237518672851636,0.02090640943877551,0.06839668774858186,0.03540928270042194
822,0.00017916330735465378,0.00010259567046270647,3.985969387755102e-05,0.00013047591088495287,6.5242211710977e-05
823,0.14165694282380398,0.02857142857142857,0.012097417091836735,0.04755189972581277,0.02435501344139951
824,0.2106840022611645,0.19206390105642876,0.07427853954081633,0.20094352338590107,0.11169383840805562
825,0.00804208183703404,0.010658265183000401,0.003168845663265306,0.009167171149355703,0.004604691572545613
826,0.0,0.0,0.0,0.0,0.0
827,0.0,0.0,0.0,0.0,0.0
828,0.0,0.0,0.0,0.0,0.0
829,0.0043096017927943455,0.0011673515128875606,0.0004982461734693878,0.0018370871146709776,0.0009193880553103854
830,0.0006362479549172878,0.0005213764337851929,0.00013950892857142856,0.0005731128213525463,0.00028663854878997584
831,0.05953139942620338,0.0835150092235452,0.02977519132653061,0.06951262068163312,0.03600780892241691
832,0.053730764257080045,0.049096065225097484,0.016561702806122448,0.05130896517658681,0.02632996419631824
833,0.0,0.0,0.0,0.0,0.0
834,0.23492172127641373,0.17181829558253034,0.05472735969387755,0.19847493766036645,0.11017051153460382
835,0.0,0.0,0.0,0.0,0.0
836,0.0,0.0,0.0,0.0,0.0
837,0.12631578947368421,0.0038731541999515854,0.001913265306122449,0.00751585375401237,0.0037721021611001964
838,0.0,0.0,0.0,0.0,0.0
839,0.0,0.0,0.0,0.0,0.0
840,0.13853735702117304,0.11881653099561679,0.04538026147959184,0.12792134831460675,0.06833118266662666
841,0.10529668283600373,0.1289993396962603,0.04282924107142857,0.11594906658033884,0.06154242675907099
842,0.1502323180175529,0.03186247673272747,0.011599170918367346,0.05257452574525745,0.02699693849151127
843,0.14348422496570645,0.1798363248744928,0.05211654974489796,0.15961667582249894,0.0867301250373122
844,0.09401662049861496,0.11645621740323908,0.03382095025510204,0.10404021825761756,0.054874696847210996
845,0.09965855740503628,0.03608825006761717,0.018614477040816327,0.05298839815051201,0.027215245199452197
846,0.02099178582293885,0.002756141402037148,0.0013751594387755102,0.004872537250194195,0.0024422185254663223
847,0.11001255492780916,0.03328110905379101,0.013970822704081632,0.05110260616001458,0.02622129123961996
848,0.327615671877967,0.1632395609940709,0.10315688775510204,0.21790472982928832,0.12227445607238194
849,0.2735805744018773,0.31854359705393204,0.10688376913265306,0.294354949367436,0.17257690822499677
850,0.24418473985841105,0.10663460594759054,0.04330755739795918,0.1484441711924036,0.08017266824085006
851,0.17142008318478907,0.02104533683481052,0.011499521683673469,0.03748822401975116,0.019102165132755082
852,0.3945005264135753,0.6101532567049809,0.25390625,0.47918155489524955,0.31508136716624624
853,0.0,0.0,0.0,0.0,0.0
854,0.054098360655737705,0.016160626836434867,0.0052614795918367345,0.024886877828054297,0.012600229095074456
855,0.0,0.0,0.0,0.0,0.0
856,0.0,0.0,0.0,0.0,0.0
857,0.06222611744084137,0.04393758564292976,0.019810267857142856,0.0515065937767184,0.02643406111214531
858,0.15235230934479055,0.12287328043244741,0.07067123724489796,0.1360340660605363,0.07298098295875524
859,0.2302003261122758,0.3387463044689147,0.1575653698979592,0.27411889118111055,0.1588283745504952
860,0.197192901055562,0.06680551734978583,0.033880739795918366,0.0998003992015968,0.052521008403361345
861,0.018726591760299626,0.003832822290361285,0.002291932397959184,0.006363259095310555,0.003191784623924507
862,0.0,0.0,0.0,0.0,0.0
863,0.0011101019275406197,0.0007193303688202982,0.0002192283163265306,0.0008729812309035355,0.0004366812227074236
864,0.12601994560290117,0.008260533666131812,0.0027702487244897957,0.015504740658114892,0.007812939126524648
865,0.0,0.0,0.0,0.0,0.0
866,0.007700281356434177,0.0023486901535682025,0.0010363520408163266,0.003599487765202644,0.001802988800665719
867,0.0,0.0,0.0,0.0,0.0
868,0.03912227515518984,0.0199926226484692,0.005400988520408163,0.026462259544966314,0.013408539904012666
869,0.0020138553246334782,0.0012476295039425091,0.0004982461734693878,0.0015407370886231972,0.0007709624695469825
870,0.0,0.0,0.0,0.0,0.0
871,0.2188445848137913,0.10467019133937563,0.03314333545918367,0.14161025248009537,0.07620051319648094
872,0.0,0.0,0.0,0.0,0.0
873,0.35683414370610483,0.05618646590957424,0.026327327806122448,0.09708595156726564,0.05101961995983315
874,0.0,0.0,0.0,0.0,0.0
875,0.35169997611274784,0.16979318828323212,0.08803013392857142,0.22902029917299666,0.1293184213608151
876,0.1356352583586626,0.4418217821782178,0.11116868622448979,0.20755348837209303,0.11579340695839907
877,0.0011171797418073487,0.0003448540118016706,0.0001793686224489796,0.0005270246530421034,0.00026358178357006884
878,0.0,0.0,0.0,0.0,0.0
879,0.8918660287081339,0.07351027329731435,0.03714923469387755,0.13582540897001494,0.07286088418090138
880,0.014758179231863443,0.004005984844828419,0.0016541772959183674,0.006301484265269711,0.0031607006854531606
881,0.01794127137786383,0.013204768916543961,0.0055404974489795915,0.015212870745321221,0.0076647366969947615
882,0.0,0.0,0.0,0.0,0.0
883,0.0,0.0,0.0,0.0,0.0
884,0.09797570850202429,0.004615149897017316,0.0024115114795918366,0.0088150657487342,0.004427045221718133
885,0.0,0.0,0.0,0.0,0.0
886,0.2005468963631392,0.17240244475787495,0.07308274872448979,0.18541271647073695,0.10217900133749443
887,0.0,0.0,0.0,0.0,0.0
888,0.0,0.0,0.0,0.0,0.0
889,0.003457216940363008,0.00023223409196470042,7.971938775510203e-05,0.0004352320330776345,0.0002176633835772977
890,0.16678622668579626,0.05922435203464306,0.03706951530612245,0.08741012265613986,0.04570249152292496
891,0.005119047619047619,0.0014788320665818345,0.0008569834183673469,0.002294740774341596,0.0011486883581770582
892,0.04501954441299366,0.0529276602487917,0.01331313775510204,0.04865435740558651,0.024933746407375612
893,0.1708185053380783,0.0056973293768546,0.0028698979591836736,0.011026878015161957,0.005544005544005544
894,0.30780575160644685,0.19680743584562538,0.05823501275510204,0.2400986031224322,0.13642730413670745
895,0.0,0.0,0.0,0.0,0.0
896,0.0,0.0,0.0,0.0,0.0
897,0.006013229104028864,0.0015138899402013474,0.0007971938775510204,0.002418818407208079,0.0012108736453351092
898,0.25649323358829956,0.24295382165605095,0.12163185586734694,0.24954000899537965,0.1425568195090047
899,0.03857194115536419,0.011254776736638224,0.0042849170918367345,0.017425132714673584,0.008789142343226228
900,0.0,0.0,0.0,0.0,0.0
901,0.004527447651386531,0.0007756071549760047,0.00031887755102040814,0.0013243388652071349,0.0006626081914937673
902,0.801610541727672,0.3615651312530956,0.17458545918367346,0.4983502104903857,0.33186846491892713
903,0.22464479800955936,0.17473898650369238,0.06837930484693877,0.1965738512661854,0.10900022238459828
904,0.0726416440702155,0.02082140227440072,0.010144292091836735,0.03236575207452389,0.01644906928645295
905,0.0,0.0,0.0,0.0,0.0
906,0.821825704680631,0.28343366778149387,0.12667410714285715,0.4214993865844358,0.2670251648951813
907,0.22465933105006194,0.14649560465668804,0.061443718112244895,0.17734698573400828,0.09730156225343223
908,0.058875,0.019315152757842936,0.009386957908163265,0.029087540528022232,0.014758413235570596
909,0.0010643959552953698,0.00014991379956524997,7.971938775510203e-05,0.00026281208935611036,0.0001314233144959916
910,0.0,0.0,0.0,0.0,0.0
911,0.053548387096774196,0.004021707529799399,0.0016541772959183674,0.007481521543176492,0.003754806604840534
912,0.46335098053836404,0.2507262750161394,0.12384406887755102,0.3253829035214033,0.19430286732747568
913,0.38964435146443516,0.0318158524086095,0.014847735969387755,0.05882817435249526,0.030305495667737867
914,0.0,0.0,0.0,0.0,0.0
915,0.0035487686848048178,0.0010559662090813093,0.0006576849489795918,0.0016276202219482122,0.0008144729372855838
916,0.001299545159194282,0.00022925263640531865,7.971938775510203e-05,0.000389749585891065,0.0001949127765325017
917,0.050683956669565905,0.025028308148842295,0.012775031887755101,0.03350933138167181,0.0170401680091448
918,0.00686106346483705,0.0025513458349279245,0.0011957908163265306,0.003719546215361726,0.001863238308179616
919,0.04981646565285789,0.006313550873928358,0.0018933354591836734,0.011206794856670992,0.0056349724182929
920,0.10354771059070256,0.07852882703777336,0.02361686862244898,0.08931936383507952,0.04674740620931792
921,0.7219152854511971,0.022487379531895366,0.015625,0.04361613351877608,0.022294261502587728
922,0.0,0.0,0.0,0.0,0.0
923,0.05433866891322662,0.03549156272927366,0.015425701530612245,0.042937978475535335,0.02194001927546913
924,0.0,0.0,0.0,0.0,0.0
925,0.35463733650416174,0.1521780725811595,0.047552614795918366,0.21296916142276967,0.1191748663902902
926,0.0114603798297315,0.004085762091910191,0.0020926339285714285,0.0060239235822265565,0.0030210611117504893
927,0.025749618837879046,0.011314996091859902,0.006058673469387755,0.015721562847464638,0.007923062889311683
928,0.004815133276010318,0.0013257575757575758,0.0005580357142857143,0.0020790792648969743,0.0010406213996357824
929,0.0,0.0,0.0,0.0,0.0
930,0.0751435325903411,0.026905287342422684,0.017737563775510203,0.03962335551944438,0.020212113642041195
931,0.15254237288135594,0.017782319877363312,0.010403380102040817,0.031851603258382405,0.016183537436056425
932,0.0,0.0,0.0,0.0,0.0
933,0.32628676470588236,0.15763765541740674,0.09905133928571429,0.2125748502994012,0.11892797319932999
934,0.0009778584899071035,0.0006942722539052815,0.00027901785714285713,0.0008120178643930166,0.00040617384240454913
935,0.26142821843340747,0.044696041569853406,0.02108577806122449,0.07634028429179594,0.03968492123030758
936,0.3277073337902673,0.1687549633812759,0.07623166454081633,0.22278525248995282,0.12535640546652246
937,0.0,0.0,0.0,0.0,0.0
938,0.0,0.0,0.0,0.0,0.0
939,0.3047548291233284,0.12331649831649831,0.04087611607142857,0.17558428216762265,0.09624137769227159
940,0.0,0.0,0.0,0.0,0.0
941,0.1110173958882446,0.06147828117702008,0.02098612882653061,0.07913425769360839,0.04119718309859155
942,0.0836600142551675,0.031408884131656406,0.018714126275510203,0.04567120622568093,0.023369254125083994
943,0.1938851931803163,0.2086869932192138,0.08771125637755102,0.20101397643189914,0.11173737527610633
944,0.03049917718047175,0.012316143895091263,0.0055404974489795915,0.01754662795468173,0.0088509662835493
945,0.08102108768035517,0.015275162167817534,0.005819515306122449,0.025704225352112677,0.01301943998573212
946,0.005289801490245151,0.004238639989061575,0.0018534757653061226,0.004706239562775163,0.0023586700144563647
947,0.11485442294615812,0.08515123739688359,0.037029655612244895,0.09779719451535647,0.051412601344807546
948,0.00025612567232988985,0.0001576955424726661,5.978954081632653e-05,0.0001952044766893321,9.761176547146483e-05
949,0.19896907216494844,0.04042096444840044,0.015385841836734694,0.06719178380260238,0.03476381321205026
950,0.9995615317158726,0.30561265528644205,0.13630022321428573,0.46810403832991104,0.3055716902729994
951,0.02336769759450172,0.0014687459501490346,0.0006776147959183673,0.0027637782474394406,0.0013838013838013837
952,0.0,0.0,0.0,0.0,0.0
953,0.060226849139996805,0.050324819791759366,0.0225406568877551,0.054832375827212565,0.028189023478390907
954,0.0,0.0,0.0,0.0,0.0
955,0.41933497536945813,0.13197674418604652,0.040716677295918366,0.20076650943396226,0.11158446665574308
956,0.15260012840140255,0.11663458271996377,0.06158322704081633,0.13221513841940866,0.07078713461009804
957,0.020435421397088288,0.005592105263157895,0.003049266581632653,0.008781243722558613,0.0044099844353490516
958,0.006765899864682003,0.0021860578090842847,0.000896843112244898,0.0033044499926567776,0.0016549593615534553
959,0.004606172270842929,0.0004449586188484471,0.0001992984693877551,0.0008115236356258876,0.00040592652729855896
960,0.0,0.0,0.0,0.0,0.0
961,0.0,0.0,0.0,0.0,0.0
962,0.0,0.0,0.0,0.0,0.0
963,0.0,0.0,0.0,0.0,0.0
964,0.00566528862348798,0.001972912445344993,0.0007374043367346938,0.0029266363456594818,0.0014654626108998733
965,0.0010348905972797163,0.0002941918130621165,0.00013950892857142856,0.0004581451665684927,0.0002291250695558247
966,0.020367183017785426,0.007742639040348964,0.0028300382653061226,0.011219974715549938,0.005641636869288836
967,0.037953236191121655,0.014157502212109721,0.006696428571428571,0.020622353157797826,0.01041860465116279
968,0.7822315678801419,0.19031175059952038,0.11862244897959184,0.30614134348318073,0.18073606218875257
969,0.22456057381571687,0.1535021551724138,0.05678013392857143,0.1823535059365699,0.10032396647651243
970,0.0,0.0,0.0,0.0,0.0
971,0.0,0.0,0.0,0.0,0.0
972,0.2838435095760354,0.060487668748037814,0.03455835459183673,0.09972394755003451,0.052478663519157434
973,0.03585283443874358,0.03098804823968417,0.011419802295918368,0.033243407884431295,0.016902654867256638
974,0.16905491139794357,0.3670149608169081,0.12320631377551021,0.23148356174642404,0.13089138259580774
975,0.2077020202020202,0.07049874109390904,0.026227678571428572,0.1052673679158501,0.055557900958331574
976,0.05084465602168667,0.15568377366130176,0.030652104591836735,0.07665470494417863,0.039854884685151595
977,0.02058047493403694,0.0012861948420288898,0.0007772640306122449,0.002421082037433653,0.0012120082043632296
978,0.32458449893039326,0.23430539882401852,0.15724649234693877,0.2721534269255976,0.1575101812664697
979,0.0001958863858961802,2.948982601002654e-05,1.992984693877551e-05,5.1262334999359224e-05,2.5631824473266008e-05
980,0.0,0.0,0.0,0.0,0.0
981,0.0032647267565649395,0.0007985556558572322,0.00045838647959183676,0.0012832315117025134,0.0006420276909334525
982,0.0,0.0,0.0,0.0,0.0
983,0.10612325260878126,0.03225806451612903,0.021484375,0.04947677620708647,0.025365899571744552
984,0.5544041450777202,0.10764259366521355,0.07037228954081633,0.18028183396303482,0.09907129429589517
985,0.3955794842731652,0.03845200385621815,0.02782206632653061,0.07009087714013154,0.03631822675477392
986,0.6091069502989903,0.40765647552814593,0.24766820790816327,0.4884251071021499,0.3231233261395252
987,0.0,0.0,0.0,0.0,0.0
988,0.0,0.0,0.0,0.0,0.0
989,0.2666492215098783,0.06413847364280094,0.04061702806122449,0.10340453599878228,0.0545211342964152
990,0.0,0.0,0.0,0.0,0.0
991,0.2167647970251007,0.034491260077414265,0.027881855867346938,0.059512921408061255,0.030669063486495965
992,0.15380935814924335,0.18569853520239407,0.07049186862244898,0.16825630901695882,0.09185581467823196
993,0.20939026311643297,0.06640019985011242,0.026486766581632654,0.10082694787952355,0.05308992130387888
994,0.5171232876712328,0.02840786927542464,0.021065848214285716,0.053857128299194944,0.027673779290483046
995,0.04322845417236662,0.006688113782593972,0.0031489158163265306,0.011584002346127057,0.0058257438884996866
996,0.0,0.0,0.0,0.0,0.0
997,0.17184643510054845,0.03547552296743584,0.013113839285714286,0.05881038566385128,0.030296054146139326
998,0.08909641595153962,0.08077341113208626,0.02814094387755102,0.08473101503195415,0.044239746843375005
999,0.001477832512315271,7.918492319062451e-05,5.978954081632653e-05,0.00015031566289207336,7.516348057024027e-05
